timestamp,open,high,low,close,volume,datetime,ema_rapida,ema_lenta,vwap,diferencia_emas,precio_vs_vwap,cruce_alcista_emas,cruce_bajista_emas,precio_sobre_vwap,cruce_alcista_vwap,cruce_bajista_vwap,cruce_alcista,cruce_bajista,tendencia,rsi,macd,macd_signal,macd_hist
1750248000000,0.896,0.899,0.887,0.887,720141.8,2025-06-18 12:00:00,,,0.891,,-0.448933782267116,False,False,False,False,False,False,False,NEUTRAL,,,,
1750251600000,0.887,0.89,0.868,0.889,1906096.7,2025-06-18 13:00:00,,,0.8847098231050481,,0.48492474966478594,False,False,True,True,False,False,False,NEUTRAL,,,,
1750255200000,0.89,0.914,0.886,0.902,3656686.6,2025-06-18 14:00:00,,,0.8939967674982044,,0.8952194004226812,False,False,True,False,False,False,False,NEUTRAL,,,,
1750258800000,0.903,0.914,0.897,0.908,1541717.2,2025-06-18 15:00:00,,,0.8964274850962409,,1.2909594023120197,False,False,True,False,False,False,False,NEUTRAL,,,,
1750262400000,0.908,0.91,0.895,0.899,759063.1,2025-06-18 16:00:00,,,0.8968613127030197,,0.23846354689272803,False,False,True,False,False,False,False,NEUTRAL,,,,
1750266000000,0.9,0.915,0.891,0.909,999225.6,2025-06-18 17:00:00,,,0.8977099449949081,,1.2576506552075668,False,False,True,False,False,False,False,NEUTRAL,,,,
1750269600000,0.909,0.919,0.897,0.897,2698813.2,2025-06-18 18:00:00,,,0.8991653806061195,,-0.24082117181377896,False,False,False,False,True,False,False,NEUTRAL,,,,
1750273200000,0.897,0.915,0.895,0.902,3505839.1,2025-06-18 19:00:00,,,0.9002389709956432,,0.19561794824424905,False,False,True,True,False,False,False,NEUTRAL,,,,
1750276800000,0.902,0.986,0.9,0.95,9040009.1,2025-06-18 20:00:00,,,0.9166583418038822,,3.6373048360095748,False,False,True,False,False,False,False,NEUTRAL,,,,
1750280400000,0.95,0.955,0.937,0.948,2693836.4,2025-06-18 21:00:00,,,0.9195955991100287,,3.088792608126939,False,False,True,False,False,False,False,NEUTRAL,,,,
1750284000000,0.949,0.951,0.94,0.948,817898.7,2025-06-18 22:00:00,,,0.9203672743751594,,3.002358557739951,False,False,True,False,False,False,False,NEUTRAL,,,,
1750287600000,0.948,0.959,0.945,0.956,1264019.5,2025-06-18 23:00:00,0.9162499999999999,,0.9217748767439483,,3.712959001111802,False,False,True,False,False,False,False,NEUTRAL,,,,
1750291200000,0.956,0.97,0.948,0.958,1415316.5,2025-06-19 00:00:00,0.9226730769230769,,0.9234581716735367,,3.7404865088653474,False,False,True,False,False,False,False,NEUTRAL,,,,
1750294800000,0.958,0.959,0.94,0.943,885360.2,2025-06-19 01:00:00,0.9258002958579881,,0.9241207250273367,,2.042944656619925,False,False,True,False,False,False,False,NEUTRAL,,,,
1750298400000,0.943,0.947,0.937,0.937,695186.7,2025-06-19 02:00:00,0.9275233272644514,,0.9244664631457863,,1.3557589543664448,False,False,True,False,False,False,False,NEUTRAL,68.11594202898553,,,
1750302000000,0.937,0.947,0.937,0.943,674640.8,2025-06-19 03:00:00,0.9299043538391512,,0.9248287211700941,,1.9648263958450123,False,False,True,False,False,False,False,NEUTRAL,69.54206602768903,,,
1750305600000,0.944,0.947,0.938,0.946,714420.3,2025-06-19 04:00:00,0.9323806070946663,,0.9252246874866821,,2.2454343030721304,False,False,True,False,False,False,False,NEUTRAL,70.25837932965364,,,
1750309200000,0.946,0.957,0.943,0.943,902536.2,2025-06-19 05:00:00,0.934014359849333,,0.9258052042458162,,1.8572800925429023,False,False,True,False,False,False,False,NEUTRAL,68.52288617227494,,,
1750312800000,0.943,0.947,0.938,0.941,707995.6,2025-06-19 06:00:00,0.9350890737186663,,0.9261272893462685,,1.6059035107614323,False,False,True,False,False,False,False,NEUTRAL,67.32884482532604,,,
1750316400000,0.942,0.945,0.933,0.933,511045.6,2025-06-19 07:00:00,0.9347676777619485,,0.926281165673889,,0.7253558179845961,False,False,True,False,False,False,False,NEUTRAL,62.62778835029892,,,
1750320000000,0.934,0.941,0.933,0.935,426851.9,2025-06-19 08:00:00,0.9348034196447257,,0.9263986033946083,,0.9284768536862607,False,False,True,False,False,False,False,NEUTRAL,63.31736028511264,,,
1750323600000,0.935,0.944,0.934,0.939,649088.6,2025-06-19 09:00:00,0.935449047391691,,0.9266185643800443,,1.3361955065339597,False,False,True,False,False,False,False,NEUTRAL,64.71946552617655,,,
1750327200000,0.94,0.94,0.927,0.93,560984.8,2025-06-19 10:00:00,0.9346107324083539,,0.9267034961016618,,0.3557236928753971,False,False,True,False,False,False,False,NEUTRAL,59.23348202522849,,,
1750330800000,0.93,0.93,0.921,0.923,630593.1,2025-06-19 11:00:00,0.9328244658839918,,0.9266700281835123,,-0.39604477018711365,False,False,False,False,True,False,False,NEUTRAL,55.3066937465483,,,
1750334400000,0.924,0.93,0.92,0.925,406825.7,2025-06-19 12:00:00,0.9316207019018392,,0.9266525104699227,,-0.17833119224860608,False,False,False,False,False,False,False,NEUTRAL,56.20012216170753,,,
1750338000000,0.925,0.93,0.923,0.928,903463.7,2025-06-19 13:00:00,0.9310636708400178,0.9276538461538462,0.9266604208431384,0.0034098246861716808,0.14455987616724045,False,False,True,True,False,False,False,ALCISTA,57.5702579532807,,,
1750341600000,0.928,0.937,0.926,0.933,1736933.6,2025-06-19 14:00:00,0.9313615676338612,0.9280498575498576,0.926884309465337,0.0033117100840036606,0.6598116369227209,False,False,True,False,False,False,False,ALCISTA,59.82590058957836,,,
1750345200000,0.933,0.935,0.927,0.932,1225554.8,2025-06-19 15:00:00,0.9314597879978826,0.9283424606943126,0.9270121524666669,0.003117327303570061,0.5380563264527966,False,False,True,False,False,False,False,ALCISTA,59.14863453945465,,,
1750348800000,0.932,0.94,0.921,0.925,1589182.6,2025-06-19 16:00:00,0.9304659744597469,0.9280948710132524,0.9270715865791362,0.0023711034464944936,-0.22345486682212798,False,False,False,False,True,False,False,NEUTRAL,54.49779145543477,,,
1750352400000,0.925,0.942,0.92,0.936,1522220.8,2025-06-19 17:00:00,0.9313173630044013,0.9286804361233818,0.9272577023808536,0.0026369268810194635,0.942812078745692,False,False,True,True,False,False,False,ALCISTA,59.841510989406785,,,
1750356000000,0.936,0.944,0.927,0.933,664196.5,2025-06-19 18:00:00,0.9315762302344934,0.9290004038179461,0.9273636997783593,0.0025758264165473,0.6077766708992194,False,False,True,False,False,False,False,ALCISTA,57.84625030585282,,,
1750359600000,0.933,0.938,0.928,0.929,527889.7,2025-06-19 19:00:00,0.9311798871214945,0.9290003739055057,0.9274120771172871,0.0021795132159887487,0.17122085445002266,False,False,True,False,False,False,False,ALCISTA,55.20331999626544,,,
1750363200000,0.929,0.935,0.924,0.927,330237.5,2025-06-19 20:00:00,0.9305368275643415,0.9288521980606534,0.9274208393547485,0.0016846295036880843,-0.04537738822445021,False,False,False,False,True,False,False,NEUTRAL,53.87783349106506,,,
1750366800000,0.927,0.932,0.925,0.928,566104.6,2025-06-19 21:00:00,0.9301465464005967,0.9287890722783828,0.9274316349093819,0.0013574741222138753,0.06128377221828636,False,False,True,True,False,False,False,ALCISTA,54.466535471312675,0.0024575636629524666,0.004867220302835163,-0.0024096566398826968
1750370400000,0.928,0.939,0.928,0.932,427573.2,2025-06-19 22:00:00,0.9304316931081972,0.9290269187762804,0.9274809514898744,0.0014047743319167694,0.4872389565377473,False,False,True,False,False,False,False,ALCISTA,56.83963307193295,0.0023356193279263637,0.004360900107853403,-0.0020252807799270396
1750374000000,0.932,0.933,0.927,0.931,367196.1,2025-06-19 23:00:00,0.9305191249377053,0.9291730729410004,0.9275024827665815,0.0013460519967049,0.377089797429546,False,False,True,False,False,False,False,ALCISTA,56.05311385210355,0.0021336900702515482,0.003915458100333032,-0.0017817680300814837
1750377600000,0.931,0.938,0.931,0.934,389960.0,2025-06-20 00:00:00,0.9310546441780583,0.9295306230935189,0.9275568067077015,0.0015240210845394175,0.694641368130137,False,False,True,False,False,False,False,ALCISTA,57.93372111449343,0.00219048406984812,0.0035704632942360494,-0.0013799792243879296
1750381200000,0.934,0.935,0.927,0.934,415209.0,2025-06-20 01:00:00,0.9315077758429724,0.9298616880495545,0.9275941142306765,0.0016460877934179052,0.6905914635558498,False,False,True,False,False,False,False,ALCISTA,57.93372111449343,0.002210018011756021,0.0032983742377400435,-0.0010883562259840227
1750384800000,0.934,0.936,0.926,0.927,356585.1,2025-06-20 02:00:00,0.9308142718671305,0.9296497111569949,0.9276089524809987,0.0011645607101355981,-0.06564754246603233,False,False,False,False,True,False,False,NEUTRAL,51.921147154730306,0.0016417324333447558,0.002967045876860986,-0.00132531344351623
1750388400000,0.928,0.93,0.924,0.925,407476.3,2025-06-20 03:00:00,0.9299197685029565,0.9293052881083286,0.9275986010886826,0.0006144803946279698,-0.2801428425649552,False,False,False,False,False,False,False,NEUTRAL,50.31443440009365,0.001018241083497351,0.002577284918188259,-0.001559043834690908
1750392000000,0.926,0.926,0.912,0.913,667453.2,2025-06-20 04:00:00,0.9273167271948094,0.9280974889891931,0.9274595705965389,-0.0007807617943836886,-1.5590513112327429,False,True,False,False,False,False,True,BAJISTA,41.93030589039284,-0.0004391181345710926,0.0019740043076363887,-0.0024131224422074813
1750395600000,0.913,0.92,0.91,0.918,362841.7,2025-06-20 05:00:00,0.9258833845494541,0.9273495268418455,0.9273784296228665,-0.0014661422923913925,-1.0112839940303975,False,False,False,False,False,False,False,BAJISTA,45.970218618148785,-0.0011770591956268284,0.0013437916069837454,-0.0025208508026105737
1750399200000,0.918,0.928,0.918,0.924,403513.0,2025-06-20 06:00:00,0.9255936330803073,0.9271014137424495,0.9273468261580124,-0.0015077806621421885,-0.36090339273368405,False,False,False,False,False,False,False,BAJISTA,50.427115296337654,-0.001263171887956771,0.0008223989079956421,-0.002085570795952413
1750402800000,0.924,0.946,0.922,0.942,3134518.0,2025-06-20 07:00:00,0.9281176895294908,0.9282050127244903,0.9278800861078809,-8.732319499948904e-05,1.5217390806765756,False,False,True,True,False,False,False,NEUTRAL,60.858515108528366,0.00011965346008047106,0.0006818498184126079,-0.0005621963583321368
1750406400000,0.942,0.95,0.935,0.939,2164664.4,2025-06-20 08:00:00,0.9297918911403383,0.9290046414115651,0.9283914700668476,0.0007872497287731983,1.142678522497461,True,False,True,False,False,True,False,ALCISTA,58.64362275493923,0.0009623838215332414,0.0007379566190367345,0.0002244272024965069
1750410000000,0.939,0.942,0.933,0.937,643448.5,2025-06-20 09:00:00,0.9309008309649017,0.9295968901958936,0.9284913760750968,0.0013039407690080829,0.916392348291997,False,False,True,False,False,False,False,ALCISTA,57.1503350905421,0.0014521311551896066,0.0008807915262673089,0.0005713396289222976
1750413600000,0.937,0.941,0.932,0.936,536989.8,2025-06-20 10:00:00,0.931685318508763,0.9300711946258274,0.9285638212677295,0.0016141238829355808,0.8008258088408218,False,False,True,False,False,False,False,ALCISTA,56.37733083569465,0.0017395157481661094,0.001052536370647069,0.0006869793775190404
1750417200000,0.936,0.94,0.933,0.937,411576.6,2025-06-20 11:00:00,0.9325029618151072,0.9305844394683588,0.9286207908538544,0.0019185223467483858,0.9023284023655209,False,False,True,False,False,False,False,ALCISTA,57.003626796067486,0.002024623155789662,0.0012469537276755876,0.0007776694281140745
1750420800000,0.937,0.942,0.933,0.937,718680.4,2025-06-20 12:00:00,0.9331948138435522,0.9310596661744063,0.9287264570798287,0.0021351476691459093,0.8908481993918471,False,False,True,False,False,False,False,ALCISTA,57.003626796067486,0.002224925276796297,0.0014425480374997295,0.0007823772392965673
1750424400000,0.937,0.94,0.925,0.929,1817098.0,2025-06-20 13:00:00,0.9325494578676211,0.9309070983096355,0.9288040169362854,0.0016423595579856398,0.021100583130665335,False,False,True,False,False,False,False,ALCISTA,50.30292939784415,0.0017183252259974635,0.0014977034751992764,0.00022062175079818713
1750428000000,0.929,0.934,0.899,0.901,2429135.7,2025-06-20 14:00:00,0.9276956951187564,0.928691757694107,0.9281357325624103,-0.0009960625753505647,-2.923681484333503,False,True,False,False,True,False,True,BAJISTA,34.85832570352517,-0.0009317839331867139,0.0010118059935220784,-0.0019435899267087923
1750431600000,0.901,0.964,0.901,0.925,15885339.7,2025-06-20 15:00:00,0.9272809727927939,0.9284182941612101,0.9285087619958245,-0.0011373213684162664,-0.37789217931368146,False,False,False,False,False,False,False,BAJISTA,49.243446427204944,-0.0010829317481237943,0.0005928584451929038,-0.001675790193316698
1750435200000,0.926,0.928,0.892,0.901,5190895.2,2025-06-20 16:00:00,0.9232377462092871,0.9263873094085279,0.9271887152132288,-0.003149563199240757,-2.824529115111807,False,False,False,False,False,False,False,BAJISTA,39.78255692091638,-0.0031035412128394,-0.000146421486413557,-0.0029571197264258433
1750438800000,0.901,0.904,0.871,0.896,5835033.2,2025-06-20 17:00:00,0.9190473237155506,0.9241363976004888,0.9248102162138162,-0.005089073884938178,-3.1152571315405173,False,False,False,False,False,False,False,BAJISTA,38.1385953193685,-0.005050132204137081,-0.0011271636299582618,-0.00392296857417882
1750442400000,0.895,0.906,0.893,0.898,1171736.3,2025-06-20 18:00:00,0.9158092739131583,0.9222003681486007,0.9244800077759006,-0.006391094235442485,-2.8643137280605693,False,False,False,False,False,False,False,BAJISTA,39.22052882004781,-0.006358143582456899,-0.0021733596204579894,-0.004184783961998909
1750446000000,0.898,0.899,0.882,0.889,901760.1,2025-06-20 19:00:00,0.9116847702342108,0.9197410816190748,0.924143829317275,-0.008056311384863957,-3.802852781394215,False,False,False,False,False,False,False,BAJISTA,36.15603476249923,-0.00802843006310694,-0.0033443737089877794,-0.00468405635411916
1750449600000,0.888,0.902,0.887,0.894,675883.8,2025-06-20 20:00:00,0.9089640363520245,0.9178343348324767,0.9239275621579157,-0.008870298480452177,-3.2391675910194944,False,False,False,False,False,False,False,BAJISTA,39.007285928474936,-0.008846706592811615,-0.004444840285752547,-0.004401866307059068
1750453200000,0.894,0.894,0.884,0.884,861470.8,2025-06-20 21:00:00,0.9051234153747899,0.9153280878078488,0.9235922841009395,-0.010204672433058892,-4.286770773478275,False,False,False,False,False,False,False,BAJISTA,35.58441780295763,-0.010184710066593716,-0.005592814241920781,-0.004591895824672935
1750456800000,0.885,0.885,0.871,0.876,870387.7,2025-06-20 22:00:00,0.9006428899325145,0.9124148961183786,0.923167998030447,-0.011772006185864048,-5.10936234044926,False,False,False,False,False,False,False,BAJISTA,33.083333306536886,-0.011755114952701207,-0.006825274384076866,-0.004929840568624341
1750460400000,0.877,0.886,0.873,0.885,487637.2,2025-06-20 23:00:00,0.8982362914813584,0.9103841630725727,0.9229541243174169,-0.012147871591214332,-4.112243861035491,False,False,False,False,False,False,False,BAJISTA,38.33441261823389,-0.012133579009307338,-0.007886935309122961,-0.004246643700184377
1750464000000,0.885,0.894,0.882,0.888,513200.7,2025-06-21 00:00:00,0.8966614774073033,0.9087260769190488,0.9227670649090953,-0.012064599511745544,-3.767696771071942,False,False,False,False,False,False,False,BAJISTA,40.02390369488577,-0.012052505788593515,-0.008720049405017073,-0.0033324563835764424
1750467600000,0.888,0.894,0.885,0.89,418949.7,2025-06-21 01:00:00,0.8956366347292566,0.9073389601102304,0.9226230870183093,-0.011702325380973821,-3.535906208865755,False,False,False,False,False,False,False,BAJISTA,41.18088133766935,-0.011692092230614404,-0.009314457970136539,-0.002377634260477865
1750471200000,0.89,0.892,0.886,0.89,274474.9,2025-06-21 02:00:00,0.8947694601555248,0.9060545926946578,0.9225284898664597,-0.011285132539132992,-3.5260146677061845,False,False,False,False,False,False,False,BAJISTA,41.18088133766934,-0.011276473719598168,-0.009706861120028864,-0.0015696125995693037
1750474800000,0.89,0.896,0.889,0.89,378200.8,2025-06-21 03:00:00,0.8940356970546749,0.9048653636061647,0.9224081216831744,-0.010829666551489758,-3.5134254481668417,False,False,False,False,False,False,False,BAJISTA,41.18088133766935,-0.010822339858037267,-0.009929956867630544,-0.0008923829904067225
1750478400000,0.889,0.891,0.886,0.888,291589.2,2025-06-21 04:00:00,0.8931071282770326,0.9036160774131154,0.9223059646424236,-0.010508949136082801,-3.719586119745414,False,False,False,False,False,False,False,BAJISTA,40.21203070493547,-0.010502749626238428,-0.010044515419352121,-0.00045823420688630677
1750482000000,0.888,0.895,0.886,0.889,242416.2,2025-06-21 05:00:00,0.8924752623882584,0.902533405012144,0.9222256440417937,-0.010058142623885602,-3.6027673114984426,False,False,False,False,False,False,False,BAJISTA,40.9599633619717,-0.0100528968847865,-0.010046191712438996,-6.705172347503535e-06
1750485600000,0.889,0.891,0.886,0.887,287911.2,2025-06-21 06:00:00,0.8916329143285263,0.9013827824186518,0.9221248784481976,-0.009749868090125458,-3.8091238257564024,False,False,False,False,False,False,False,BAJISTA,39.88529086150771,-0.009745429387810867,-0.00998603924751337,0.0002406098597025029
1750489200000,0.887,0.892,0.883,0.889,476888.3,2025-06-21 07:00:00,0.8912278505856761,0.9004655392765294,0.9219592720474517,-0.009237688690853285,-3.574916273064531,False,False,False,False,False,False,False,BAJISTA,41.53718045234685,-0.009233932865817862,-0.009835617971174267,0.0006016851053564053
1750492800000,0.889,0.896,0.885,0.895,548842.3,2025-06-21 08:00:00,0.8918081812648029,0.900060684515305,0.9217928735856864,-0.008252503250502086,-2.9066045478812024,False,False,False,False,False,False,False,BAJISTA,46.304195855437854,-0.008249325244702899,-0.009518359425879993,0.0012690341811770946
1750496400000,0.896,0.896,0.886,0.888,423979.2,2025-06-21 09:00:00,0.8912223072240639,0.8991673004771342,0.9216570467997026,-0.007944993253070298,-3.651797261961049,False,False,False,False,False,False,False,BAJISTA,42.00129847821148,-0.0079423041712402,-0.009203148374952034,0.0012608442037118344
1750500000000,0.888,0.89,0.879,0.88,469877.5,2025-06-21 10:00:00,0.8894957984203617,0.897747500441791,0.9214748784199838,-0.00825170202142922,-4.50092339913803,False,False,False,False,False,False,False,BAJISTA,37.69057615348701,-0.008249426644496016,-0.00901240402886083,0.000762977384364814
1750503600000,0.88,0.885,0.879,0.88,309608.1,2025-06-21 11:00:00,0.8880349063556907,0.8964328707794361,0.9213506217688,-0.008397964423745408,-4.488044050962432,False,False,False,False,False,False,False,BAJISTA,37.69057615348701,-0.008396039104801911,-0.008889131044049047,0.000493091939247136
1750507200000,0.88,0.884,0.868,0.869,905134.9,2025-06-21 12:00:00,0.885106459224046,0.8944008062772557,0.9209229738748758,-0.00929434705320975,-5.638145137850634,False,False,False,False,False,False,False,BAJISTA,32.38950422423499,-0.009292717937180561,-0.00896984842267535,-0.00032286951450521094
1750510800000,0.869,0.875,0.857,0.86,2043964.0,2025-06-21 13:00:00,0.8812439270357312,0.8918525984048664,0.9197930374610612,-0.010608671369135236,-6.500705596349171,False,False,False,False,False,False,False,BAJISTA,28.818160255920176,-0.010607292886341324,-0.009297337315408546,-0.0013099555709327783
1750514400000,0.86,0.865,0.851,0.855,1789497.1,2025-06-21 14:00:00,0.8772063997994648,0.8891227763008023,0.9187204001173721,-0.011916376501337478,-6.935777208085447,False,False,False,False,False,False,False,BAJISTA,27.03470894750884,-0.011915210092819484,-0.009820911870890733,-0.002094298221928751
1750518000000,0.855,0.858,0.844,0.856,1343610.7,2025-06-21 15:00:00,0.8739438767533932,0.8866692373155577,0.9178839375753999,-0.012725360562164445,-6.742022062055794,False,False,False,False,False,False,False,BAJISTA,27.99449707137893,-0.012724373601110672,-0.01040160421693472,-0.002322769384175952
1750521600000,0.856,0.86,0.847,0.852,1081146.0,2025-06-21 16:00:00,0.8705678957144096,0.8841011456625534,0.9172294607161606,-0.013533249948143755,-7.111574966773347,False,False,False,False,False,False,False,BAJISTA,26.49329320840465,-0.013532414827252093,-0.011027766338998195,-0.0025046484882538973
1750525200000,0.852,0.855,0.834,0.84,1166405.5,2025-06-21 17:00:00,0.8658651425275774,0.8808343941319938,0.9164303664649162,-0.014969251604416423,-8.340008064087016,False,False,False,False,False,False,False,BAJISTA,22.58111734509286,-0.014968544963661956,-0.011815922063930947,-0.003152622899731009
1750528800000,0.84,0.846,0.834,0.835,984889.2,2025-06-21 18:00:00,0.8611166590617962,0.8774392538259203,0.915726866322374,-0.01632259476412401,-8.815605317618234,False,False,False,False,False,False,False,BAJISTA,21.177858139763725,-0.01632199683733171,-0.012717137018611099,-0.0036048598187206106
1750532400000,0.835,0.839,0.829,0.833,903930.1,2025-06-21 19:00:00,0.8567910192061353,0.8741474572462224,0.9150539920796769,-0.01735643804008713,-8.967120278136788,False,False,False,False,False,False,False,BAJISTA,20.625721836234515,-0.017355932102032123,-0.013644896035295303,-0.00371103606673682
1750536000000,0.833,0.847,0.832,0.844,824989.3,2025-06-21 20:00:00,0.8548231700974991,0.8719143122650208,0.9145039128322241,-0.017091142167521722,-7.709525551823291,False,False,False,False,False,False,False,BAJISTA,31.243325391532363,-0.01709071406609053,-0.014334059641454348,-0.002756654424636181
1750539600000,0.844,0.846,0.8,0.818,5099698.3,2025-06-21 21:00:00,0.8491580670055762,0.8679206595046489,0.9104136185738201,-0.01876259249907275,-10.150728931162936,False,False,False,False,False,False,False,BAJISTA,23.307286636068202,-0.01876223025940027,-0.015219693765043531,-0.0035425364943567385
1750543200000,0.818,0.841,0.817,0.839,2943014.2,2025-06-21 22:00:00,0.8475952874662568,0.8657783884302305,0.9084843212085527,-0.018183100963973686,-7.6483786881559,False,False,False,False,False,False,False,BAJISTA,37.185591745965,-0.018182794453481588,-0.01581231390273114,-0.0023704805507504464
1750546800000,0.839,0.869,0.836,0.867,6438101.4,2025-06-21 23:00:00,0.8505806278560635,0.8658688781761393,0.9058612224861315,-0.015288250320075858,-4.289975276729158,False,False,False,False,False,False,False,BAJISTA,50.14095757994912,-0.015287990965044074,-0.015707449315193727,0.00041945835014965335
1750550400000,0.868,0.883,0.856,0.868,6789972.5,2025-06-22 00:00:00,0.853260531262823,0.8660267390519809,0.9039699015800842,-0.012766207789157935,-3.979103896845568,False,False,False,False,False,False,False,BAJISTA,50.53335802363199,-0.01276598833490028,-0.015119157119135038,0.002353168784234758
1750554000000,0.868,0.87,0.857,0.858,976201.4,2025-06-22 01:00:00,0.8539896802993118,0.8654321657888712,0.9036601250277551,-0.011442485489559395,-5.0527984762360365,False,False,False,False,False,False,False,BAJISTA,46.58500156280282,-0.011442299797495226,-0.014383785654807076,0.0029414858573118506
1750557600000,0.859,0.863,0.848,0.852,1378585.9,2025-06-22 02:00:00,0.8536835756378792,0.864437190545251,0.9031552496500708,-0.010753614907371811,-5.664059381805176,False,False,False,False,False,False,False,BAJISTA,44.346126688205466,-0.0107534577833176,-0.01365772008050918,0.0029042622971915816
1750561200000,0.853,0.857,0.848,0.851,825637.6,2025-06-22 03:00:00,0.8532707178474362,0.8634418430974546,0.9028435810259655,-0.010171125250018398,-5.742255039023701,False,False,False,False,False,False,False,BAJISTA,43.96686182487796,-0.01017099229889562,-0.012960374524186469,0.0027893822252908484
1750564800000,0.851,0.861,0.846,0.847,486473.9,2025-06-22 04:00:00,0.8523059920247538,0.8622239287939395,0.9026593298165946,-0.009917936769185731,-6.166150171837659,False,False,False,False,False,False,False,BAJISTA,42.40463212168441,-0.009917824272081877,-0.01235186447376555,0.0024340402016836734
1750568400000,0.848,0.853,0.845,0.85,1154795.0,2025-06-22 05:00:00,0.8519512240209455,0.861318452586981,0.9022103477601826,-0.009367228566035557,-5.786937368851894,False,False,False,False,False,False,False,BAJISTA,44.01144256967837,-0.00936713337617845,-0.011754918254248129,0.00238778487806968
1750572000000,0.851,0.863,0.846,0.857,1513256.2,2025-06-22 06:00:00,0.8527279587869538,0.8609985672101677,0.9016987929864346,-0.00827060842321381,-4.957175648244115,False,False,False,False,False,False,False,BAJISTA,47.679297305332824,-0.008270527877950129,-0.011058040178988529,0.0027875123010383997
1750575600000,0.857,0.86,0.847,0.851,735381.6,2025-06-22 07:00:00,0.8524621189735764,0.8602579326020071,0.901440140780647,-0.007795813628430737,-5.595506401231025,False,False,False,False,False,False,False,BAJISTA,44.960470219960335,-0.007795745474746152,-0.010405581238140053,0.0026098357633939015
1750579200000,0.85,0.854,0.846,0.849,514837.6,2025-06-22 08:00:00,0.8519294852853339,0.8594240116685251,0.9012496388770571,-0.007494526383191258,-5.797465721279996,False,False,False,False,False,False,False,BAJISTA,44.058596303273596,-0.007494468714688951,-0.009823358733449833,0.002328890018760882
1750582800000,0.85,0.852,0.831,0.833,1273402.2,2025-06-22 09:00:00,0.8490172567798979,0.8574666774708566,0.9006852104030746,-0.008449420690958664,-7.514857535274076,False,False,False,False,False,False,False,BAJISTA,37.56643074444407,-0.008449371894533653,-0.009548561365666597,0.0010991894711329438
1750586400000,0.833,0.845,0.832,0.839,541952.0,2025-06-22 10:00:00,0.8474761403522213,0.8560987754359783,0.9004480699062392,-0.008622635083757046,-6.82416587473363,False,False,False,False,False,False,False,BAJISTA,41.07305175826571,-0.008622593794474276,-0.009363367851428132,0.0007407740569538562
1750590000000,0.839,0.859,0.836,0.837,2165207.9,2025-06-22 11:00:00,0.8458644264518795,0.8546840513296096,0.8995987178985867,-0.008819624877730026,-6.958515686284425,False,False,False,False,False,False,False,BAJISTA,40.26130247035608,-0.008819589940644579,-0.009254612269271422,0.00043502232862684294
1750593600000,0.837,0.844,0.824,0.836,1670137.3,2025-06-22 12:00:00,0.8443468223823596,0.8533000475274163,0.8988537478363663,-0.008953225145056698,-6.992655700403072,False,False,False,False,False,False,False,BAJISTA,39.83735685539655,-0.008953195582907414,-0.00919432893199862,0.0002411333490912066
1750597200000,0.836,0.839,0.791,0.808,8689963.8,2025-06-22 13:00:00,0.8387550035543043,0.8499444884513114,0.8939985564609704,-0.011189484897007107,-9.619540863847558,False,False,False,False,False,False,False,BAJISTA,30.23672541398552,-0.011189459882880892,-0.009593355122175075,-0.001596104760705817
1750600800000,0.808,0.815,0.787,0.812,7036504.1,2025-06-22 14:00:00,0.8346388491613345,0.8471337856030662,0.8901014876736772,-0.012494936441731719,-8.774447493375073,False,False,False,False,False,False,False,BAJISTA,32.73081523426779,-0.012494915275932605,-0.010173667152926582,-0.0023212481230060235
1750604400000,0.812,0.817,0.794,0.795,2407191.3,2025-06-22 15:00:00,0.8285405646749753,0.8432720237065428,0.8888059950929269,-0.014731459031567473,-10.554158681515105,False,False,False,False,False,False,False,BAJISTA,28.12823537018463,-0.014731441122045053,-0.011085221946750276,-0.003646219175294776
1750608000000,0.796,0.8,0.784,0.79,2640880.1,2025-06-22 16:00:00,0.8226112470326714,0.8393259478764284,0.887258524374692,-0.016714700843757035,-10.961689485399566,False,False,False,False,False,False,False,BAJISTA,26.928825313310114,-0.016714685689545816,-0.012211114695309385,-0.004503570994236431
1750611600000,0.791,0.803,0.78,0.796,2619524.7,2025-06-22 17:00:00,0.818517209027645,0.8361166184041005,0.8857971944616196,-0.017599409376455433,-10.137443990912345,False,False,False,False,False,False,False,BAJISTA,30.745116721613673,-0.017599396553661273,-0.013288771066979763,-0.0043106254866815095
1750615200000,0.796,0.803,0.792,0.794,1326301.5,2025-06-22 18:00:00,0.8147453307156997,0.8329968688926856,0.8851004086292932,-0.018251538176985993,-10.292663718275238,False,False,False,False,False,False,False,BAJISTA,30.1793099068278,-0.018251527326929362,-0.014281322318969683,-0.003970205007959679
1750618800000,0.794,0.802,0.787,0.793,1072766.1,2025-06-22 19:00:00,0.8113998952209767,0.8300341378635978,0.884530103247551,-0.018634242642621146,-10.34787882419132,False,False,False,False,False,False,False,BAJISTA,29.883185903452937,-0.01863423346180404,-0.015151904547536555,-0.0034823289142674844
1750622400000,0.793,0.806,0.771,0.804,3151321.5,2025-06-22 20:00:00,0.8102614498023649,0.828105683207035,0.8828893246844502,-0.017844233404670118,-8.935358314887962,False,False,False,False,False,False,False,BAJISTA,37.18461243340932,-0.017844225636286404,-0.015690368765286525,-0.002153856870999879
1750626000000,0.804,0.811,0.797,0.799,1201979.4,2025-06-22 21:00:00,0.8085289190635395,0.8259497066731806,0.8823382861120718,-0.017420787609641053,-9.445162634763687,False,False,False,False,False,False,False,BAJISTA,35.3811010368473,-0.017420781036393218,-0.016036451219507863,-0.0013843298168853546
1750629600000,0.799,0.833,0.798,0.83,3297437.8,2025-06-22 22:00:00,0.8118321622845335,0.8262497284010931,0.8811961553562052,-0.014417566116559644,-5.809847789849954,False,False,False,False,False,False,False,BAJISTA,51.18832799571841,-0.014417560554580766,-0.015712673086522445,0.0012951125319416792
1750633200000,0.83,0.835,0.826,0.828,1261248.7,2025-06-22 23:00:00,0.8143195219330668,0.8263793781491603,0.8808356428851138,-0.012059856216093512,-5.998354325451061,False,False,False,False,False,False,False,BAJISTA,50.332865883937316,-0.01205985150980371,-0.014982108771178698,0.0029222572613749886
1750636800000,0.828,0.838,0.827,0.83,2641654.4,2025-06-23 00:00:00,0.8167319031741335,0.8266475723603336,0.8801255532735831,-0.009915669186200127,-5.6952730308924275,False,False,False,False,False,False,False,BAJISTA,51.21095150835369,-0.009915665203954926,-0.013968820057733944,0.004053154853779018
1750640400000,0.831,0.835,0.826,0.833,898204.7,2025-06-23 01:00:00,0.8192346873011899,0.8271181225558645,0.8798871322585272,-0.007883435254674609,-5.3287666723998575,False,False,False,False,False,False,False,BAJISTA,52.56563184928225,-0.007883431885082559,-0.012751742423203666,0.004868310538121107
1750644000000,0.834,0.835,0.824,0.825,625524.6,2025-06-23 02:00:00,0.8201216584856222,0.8269612245887634,0.8797111587492703,-0.006839566103141181,-6.219218456550666,False,False,False,False,False,False,False,BAJISTA,48.68367047504685,-0.006839563251948011,-0.011569306588952536,0.004729743337004525
1750647600000,0.825,0.828,0.819,0.821,619235.9,2025-06-23 03:00:00,0.8202567879493726,0.8265196523970032,0.8795202800657512,-0.006262864447630578,-6.653658976615799,False,False,False,False,False,False,False,BAJISTA,46.82178907816994,-0.006262862035082528,-0.010508017678178534,0.004245155643096006
1750651200000,0.822,0.827,0.82,0.825,1165794.8,2025-06-23 04:00:00,0.8209865128802384,0.8264070855527808,0.879172716639807,-0.0054205726725423675,-6.161783187136978,False,False,False,False,False,False,False,BAJISTA,48.92536715136982,-0.00542057063115553,-0.009490528268773933,0.004069957637618403
1750654800000,0.826,0.832,0.825,0.829,1503185.5,2025-06-23 05:00:00,0.8222193570525094,0.8265991532896118,0.8787683039230658,-0.004379796237102385,-5.663415908480805,False,False,False,False,False,False,False,BAJISTA,51.01224548086684,-0.004379794509774992,-0.008468381516974145,0.004088587007199152
1750658400000,0.829,0.835,0.825,0.831,1227108.1,2025-06-23 06:00:00,0.8235702251982772,0.8269251419348257,0.8784537601333179,-0.00335491673654853,-5.401964484290686,False,False,False,False,False,False,False,BAJISTA,52.06683314417063,-0.003354915274963788,-0.007445688268572073,0.004090772993608285
1750662000000,0.831,0.84,0.828,0.83,1000853.9,2025-06-23 07:00:00,0.8245594213216191,0.8271529091989127,0.8782125149048164,-0.002593487877293632,-5.489846032317351,False,False,False,False,False,False,False,BAJISTA,51.47020227937477,-0.0025934866405680213,-0.006475247942971263,0.0038817613024032414
1750665600000,0.83,0.834,0.824,0.829,1430261.0,2025-06-23 08:00:00,0.8252425872721392,0.827289730739734,0.8778447433806071,-0.0020471434675948252,-5.564166528184081,False,False,False,False,False,False,False,BAJISTA,50.842782013223676,-0.0020471424211346845,-0.005589626838603947,0.0035424844174692625
1750669200000,0.829,0.831,0.823,0.827,557261.6,2025-06-23 09:00:00,0.8255129584610408,0.8272682692034574,0.8776971286412582,-0.001755310742416638,-5.7761529560591365,False,False,False,False,False,False,False,BAJISTA,49.54203981230226,-0.0017553098569502712,-0.004822763442273212,0.0030674535853229407
1750672800000,0.827,0.828,0.819,0.821,536773.3,2025-06-23 10:00:00,0.8248186571593422,0.8268039529661643,0.8775436648937284,-0.0019852958068220516,-6.443401867709446,False,False,False,False,False,False,False,BAJISTA,45.75977652462886,-0.001985295057581271,-0.004255269765334824,0.002269974707753553
1750676400000,0.821,0.823,0.816,0.823,787531.2,2025-06-23 11:00:00,0.8245388637502127,0.8265221786723743,0.8773119025396503,-0.0019833149221616386,-6.190717620771788,False,False,False,False,False,False,False,BAJISTA,47.20661746952962,-0.0019833142881887644,-0.003800878669905612,0.0018175643817168476
1750680000000,0.823,0.835,0.816,0.833,775627.3,2025-06-23 12:00:00,0.8258405770194107,0.8270020172892355,0.8771147947095005,-0.0011614402698247872,-5.0295348996035685,False,False,False,False,False,False,False,BAJISTA,53.83712612251921,-0.001161439733386227,-0.003272990882601735,0.002111551149215508
1750683600000,0.834,0.847,0.818,0.844,3103460.6,2025-06-23 13:00:00,0.8286343344010398,0.8282611271196625,0.8764728212184646,0.0003732072813773524,-3.704943317389032,True,False,False,False,False,False,False,NEUTRAL,59.81574234068485,0.00037320773528692897,-0.002543751159024002,0.002916958894310931
1750687200000,0.844,0.853,0.836,0.839,4221900.4,2025-06-23 14:00:00,0.8302290521854953,0.8290565991848726,0.8757640441767358,0.0011724530006226308,-4.197939435992256,False,False,False,False,False,False,False,NEUTRAL,56.249672545409624,0.0011724533846999563,-0.0018005102502792105,0.002972963634979167
1750690800000,0.839,0.844,0.823,0.824,4678236.5,2025-06-23 15:00:00,0.8292707364646498,0.8286820362822894,0.874732557924436,0.0005887001823603466,-5.799779311383381,False,False,False,False,False,False,False,NEUTRAL,47.165160645524956,0.0005887005073489382,-0.0013226680987535808,0.001911368606102519
1750694400000,0.824,0.826,0.799,0.809,3588257.3,2025-06-23 16:00:00,0.8261521616239345,0.8272241076687865,0.873647379212352,-0.0010719460448520568,-7.3997107701090625,False,True,False,False,False,False,True,BAJISTA,40.17726168695583,-0.001071945769861693,-0.0012725236329752033,0.0002005778631135103
1750698000000,0.809,0.85,0.807,0.844,5102877.1,2025-06-23 17:00:00,0.8288979829125599,0.8284667663599875,0.8726973114606557,0.0004312165525723888,-3.2883464958341926,True,False,False,False,False,False,False,NEUTRAL,56.40678234986359,0.000431216785256594,-0.0009317755493288438,0.0013629923345854379
1750701600000,0.844,0.859,0.842,0.852,2246399.7,2025-06-23 18:00:00,0.8324521393875507,0.8302099688518403,0.872472684278385,0.0022421705357104083,-2.3465129220999956,False,False,False,False,False,False,False,NEUTRAL,59.135698023113335,0.0022421707325970264,-0.0002969862929436697,0.002539157025540696
1750705200000,0.852,0.863,0.852,0.861,1284524.9,2025-06-23 19:00:00,0.8368441179433121,0.8324907118998521,0.8723914354852265,0.0043534060434600175,-1.3057711277152244,False,False,False,False,False,False,False,NEUTRAL,62.01643815711082,0.00435340621005631,0.0006330922076563263,0.0037203140023999836
1750708800000,0.861,0.888,0.86,0.886,2759763.1,2025-06-23 20:00:00,0.8444065613366487,0.8364543628702334,0.8724614636559579,0.007952198466415261,1.5517632477783383,False,False,True,True,False,False,False,ALCISTA,68.63152545999618,0.007952198607381389,0.002096913487601339,0.0058552851197800505
1750712400000,0.887,0.89,0.873,0.875,2000417.4,2025-06-23 21:00:00,0.8491132442079335,0.8393095952502162,0.872523099297225,0.009803648957717348,0.2838779517436245,False,False,True,False,False,False,False,ALCISTA,63.39957526716865,0.009803649076996379,0.003638260605480347,0.006165388471516032
1750716000000,0.875,0.922,0.875,0.918,5131468.9,2025-06-23 22:00:00,0.8597112066374822,0.8451385141205705,0.8732535209634932,0.014572692516911734,5.124110921091552,False,False,True,False,False,False,False,ALCISTA,72.29177343858412,0.01457269261784011,0.0058251470079522995,0.008747545609887811
1750719600000,0.918,0.933,0.913,0.924,2447169.6,2025-06-23 23:00:00,0.8696017902317158,0.850980105667195,0.8737849568359539,0.018621684564520846,5.74684226035189,False,False,True,False,False,False,False,ALCISTA,73.26772097321928,0.018621684649921755,0.008384454536346191,0.010237230113575564
1750723200000,0.924,0.933,0.911,0.917,2535318.1,2025-06-24 00:00:00,0.8768938225037596,0.8558704682103657,0.8742911456135486,0.02102335429339386,4.884969337814783,False,False,True,False,False,False,False,ALCISTA,70.16276182790696,0.021023354365656166,0.010912234502208186,0.01011111986344798
1750726800000,0.917,0.932,0.913,0.931,1983584.4,2025-06-24 01:00:00,0.8852178498108735,0.8614356187133015,0.8747217477148962,0.023782231097571938,6.433846241061677,False,False,True,False,False,False,False,ALCISTA,72.65840101107408,0.023782231158717027,0.013486233833509954,0.010295997325207073
1750730400000,0.931,0.931,0.919,0.927,1886687.9,2025-06-24 02:00:00,0.8916458729168929,0.8662922395493533,0.8751272807195905,0.025353633367539596,5.927448546428153,False,False,True,False,False,False,False,ALCISTA,70.83538668005666,0.025353633419277766,0.015859713750663515,0.00949391966861425
1750734000000,0.927,0.938,0.927,0.933,1778623.7,2025-06-24 03:00:00,0.898008046314294,0.8712335551382901,0.8755558565362432,0.026774491176003834,6.560877074251965,False,False,True,False,False,False,False,ALCISTA,71.97139540255817,0.02677449121978226,0.018042669244487265,0.008731821975294995
1750737600000,0.934,0.939,0.929,0.932,1749124.9,2025-06-24 04:00:00,0.9032375776505565,0.8757347732761945,0.8759759909016134,0.027502804374361922,6.3956101172045825,False,False,True,False,False,False,False,ALCISTA,71.47171412838566,0.02750280441140518,0.019934696277870846,0.007568108133534333
1750741200000,0.932,0.957,0.93,0.954,2245753.2,2025-06-24 05:00:00,0.9110471810889323,0.8815321974779579,0.8766329527763022,0.029514983610974488,8.825477867182139,False,False,True,False,False,False,False,ALCISTA,75.50148438001699,0.02951498364231886,0.021850753750760447,0.007664229891558412
1750744800000,0.954,0.959,0.949,0.952,1432207.2,2025-06-24 06:00:00,0.9173476147675581,0.8867520347018129,0.8770827553634908,0.030595580065745254,8.541639221427982,False,False,True,False,False,False,False,ALCISTA,74.47160275953259,0.030595580092267483,0.023599719019061854,0.006995861073205628
1750748400000,0.952,0.958,0.932,0.933,2017540.6,2025-06-24 07:00:00,0.9197556740340876,0.890177809909086,0.8776064593374057,0.02957786412500163,6.31188844079573,False,False,True,False,False,False,False,ALCISTA,65.35157491205852,0.029577864147443456,0.024795348044738173,0.004782516102705282
1750752000000,0.933,0.941,0.926,0.933,2550004.7,2025-06-24 08:00:00,0.921793262644228,0.8933498239898945,0.878177644392756,0.02844343865433352,6.242740971293193,False,False,True,False,False,False,False,ALCISTA,65.35157491205852,0.028443438673322774,0.025524966170455094,0.00291847250286768
1750755600000,0.933,0.948,0.93,0.936,1175205.8,2025-06-24 09:00:00,0.923978914545116,0.8965090962869393,0.8784589004921544,0.027469818258176737,6.550232398534347,False,False,True,False,False,False,False,ALCISTA,66.11154115713691,0.02746981827424455,0.025913936591212987,0.0015558816830315639
1750759200000,0.935,0.937,0.923,0.926,853259.0,2025-06-24 10:00:00,0.9242898507689443,0.8986936076730919,0.8786297038215348,0.0255962430958524,5.391383420391051,False,False,True,False,False,False,False,ALCISTA,61.286108301233455,0.025596243109448302,0.02585039789486005,-0.000254154785411749
1750762800000,0.925,0.929,0.918,0.925,1305515.9,2025-06-24 11:00:00,0.9243991044967991,0.9006422293269369,0.8788646366262394,0.023756875169862135,5.249427665091157,False,False,True,False,False,False,False,ALCISTA,60.808133117012154,0.023756875181366377,0.025431693352161316,-0.0016748181707949387
1750766400000,0.925,0.934,0.921,0.926,1463366.9,2025-06-24 12:00:00,0.9246453961126762,0.9025205827101268,0.8791424121125766,0.022124813402549348,5.32992007231511,False,False,True,False,False,False,False,ALCISTA,61.13456421810453,0.022124813412283673,0.024770317364185786,-0.002645503951902113
1750770000000,0.925,0.931,0.918,0.923,1171665.3,2025-06-24 13:00:00,0.9243922582491875,0.9040375765834507,0.8793487190939066,0.02035468166573673,4.9640466811701724,False,False,True,False,False,False,False,ALCISTA,59.53258722858723,0.020354681673973474,0.023887190226143322,-0.003532508552169848
1750773600000,0.922,0.937,0.921,0.928,2096536.6,2025-06-24 14:00:00,0.9249472954416201,0.9058125709106025,0.8797512715255335,0.01913472453101761,5.484360186351404,False,False,True,False,False,False,False,ALCISTA,61.350394959504975,0.019134724537987258,0.02293669708851211,-0.003801972550524852
1750777200000,0.929,0.933,0.916,0.922,1086100.7,2025-06-24 15:00:00,0.9244938653736786,0.9070116397320394,0.8799361853420983,0.01748222564163926,4.780325591627801,False,False,True,False,False,False,False,ALCISTA,57.98435500378925,0.017482225647536653,0.02184580280031702,-0.004363577152780365
1750780800000,0.923,0.939,0.921,0.939,2376984.1,2025-06-24 16:00:00,0.9267255783931126,0.9093811479000364,0.8804207183844578,0.017344430493076213,6.653555555011604,False,False,True,False,False,False,False,ALCISTA,64.00955509013264,0.017344430498066332,0.020945528339866883,-0.0036010978418005504
1750784400000,0.939,0.94,0.914,0.92,1255576.8,2025-06-24 17:00:00,0.9256908740249414,0.9101677295370708,0.8806331043223761,0.015523144487870622,4.470294778200026,False,False,True,False,False,False,False,ALCISTA,54.58754870744188,0.015523144492093022,0.01986105157031211,-0.004337907078219089
1750788000000,0.92,0.922,0.911,0.912,914730.5,2025-06-24 18:00:00,0.923584585713412,0.9103034532750656,0.8807528683333765,0.013281132438346388,3.547775180766833,False,False,True,False,False,False,False,ALCISTA,51.172062199869686,0.013281132441919197,0.018545067744633527,-0.00526393530271433
1750791600000,0.912,0.917,0.906,0.912,793140.8,2025-06-24 19:00:00,0.9218023417575024,0.9104291234028384,0.8808459973943692,0.011373218354663983,3.5368274020416166,False,False,True,False,False,False,False,ALCISTA,51.172062199869686,0.01137321835768712,0.017110697867244246,-0.005737479509557126
1750795200000,0.912,0.925,0.908,0.924,770835.8,2025-06-24 20:00:00,0.922140443025579,0.9114343735211468,0.8809573793570856,0.010706069504432203,4.885891378119395,False,False,True,False,False,False,False,ALCISTA,55.96515740720641,0.010706069506990268,0.01582977219519345,-0.005123702688203183
1750798800000,0.923,0.927,0.916,0.926,728658.6,2025-06-24 21:00:00,0.9227342210216437,0.9125133088158767,0.8810730784505025,0.010220912205767041,5.099114097153911,False,False,True,False,False,False,False,ALCISTA,56.72757401797631,0.010220912207931643,0.01470800019774109,-0.004487087989809447
1750802400000,0.926,0.926,0.919,0.924,543477.1,2025-06-24 22:00:00,0.9229289562490831,0.9133641748295155,0.8811589599862857,0.009564781419567625,4.861896883438732,False,False,True,False,False,False,False,ALCISTA,55.689205278364305,0.009564781421399271,0.013679356442472725,-0.004114575021073454
1750806000000,0.924,0.932,0.916,0.93,593700.4,2025-06-24 23:00:00,0.9240168091338395,0.9145964581754773,0.8812590746931689,0.009420350958362245,5.530828187363797,False,False,True,False,False,False,False,ALCISTA,58.16332382885187,0.009420350959912116,0.012827555345960603,-0.003407204386048487
1750809600000,0.93,0.935,0.927,0.935,819217.3,2025-06-25 00:00:00,0.9257065308055565,0.9161078316439605,0.8814159375643371,0.009598699161596058,6.079316262845733,False,False,True,False,False,False,False,ALCISTA,60.15967647645969,0.009598699162907454,0.012181784109349973,-0.0025830849464425192
1750813200000,0.934,0.936,0.926,0.931,571021.0,2025-06-25 01:00:00,0.9265209106816248,0.9172109552258894,0.8815218591384884,0.00930995545573543,5.612809296625578,False,False,True,False,False,False,False,ALCISTA,57.784131028540564,0.009309955456845098,0.011607418378848999,-0.0022974629220039004
1750816800000,0.932,0.939,0.925,0.928,574273.3,2025-06-25 02:00:00,0.9267484628844518,0.9180101437276753,0.8816272139755599,0.008738319156776475,5.259908642716387,False,False,True,False,False,False,False,ALCISTA,55.99814746338706,0.00873831915771539,0.011033598534622277,-0.0022952793769068867
1750820400000,0.928,0.935,0.925,0.927,437258.3,2025-06-25 03:00:00,0.9267871609022285,0.9186760590071068,0.8817044139026377,0.008111101895121653,5.1372756428510025,False,False,True,False,False,False,False,ALCISTA,55.383658704616046,0.008111101895916129,0.010449099206881047,-0.0023379973109649184
1750824000000,0.928,0.929,0.92,0.921,611063.5,2025-06-25 04:00:00,0.9258968284557317,0.9188482027843582,0.8817990035163747,0.007048625671373543,4.445570512928953,False,False,True,False,False,False,False,ALCISTA,51.7166920974923,0.007048625672045783,0.009769004499913993,-0.0027203788278682105
1750827600000,0.921,0.922,0.915,0.915,925238.4,2025-06-25 05:00:00,0.9242203933086961,0.9185631507262576,0.8819208385376297,0.005657242582438493,3.7508084645353255,False,False,True,False,False,False,False,ALCISTA,48.27455417630521,0.00565724258300726,0.008946652116532647,-0.003289409533525387
1750831200000,0.915,0.923,0.913,0.921,432062.2,2025-06-25 06:00:00,0.9237249481842813,0.9187436580798681,0.8819801108338681,0.004981290104413172,4.424123479297126,False,False,True,False,False,False,False,ALCISTA,51.73412626701695,0.0049812901048944536,0.008153579714205009,-0.003172289609310555
1750834800000,0.92,0.927,0.916,0.921,672288.4,2025-06-25 07:00:00,0.9233057253866995,0.9189107945183964,0.8820777519212742,0.004394930868303115,4.412564311246751,False,False,True,False,False,False,False,ALCISTA,51.73412626701693,0.004394930868710345,0.007401849945106076,-0.003006919076395731
1750838400000,0.922,0.923,0.907,0.912,952795.8,2025-06-25 08:00:00,0.921566383019515,0.91839888381333,0.8821896095279285,0.003167499206184976,3.3791364294149315,False,False,True,False,False,False,False,ALCISTA,46.34207242986602,0.0031674992065295893,0.006554979797390779,-0.00338748059086119
1750842000000,0.913,0.921,0.901,0.906,1335880.5,2025-06-25 09:00:00,0.9191715548626666,0.9174804479753056,0.8823223125544553,0.0016911068873609603,2.6835643968919154,False,False,True,False,False,False,False,ALCISTA,43.1157589643713,0.0016911068876525048,0.005582205215443124,-0.0038910983277906193
1750845600000,0.907,0.912,0.902,0.907,781592.3,2025-06-25 10:00:00,0.9172990079607178,0.9167041184956534,0.8823926988399047,0.0005948894650644743,2.7887018095737814,False,False,True,False,False,False,False,ALCISTA,43.81780125377593,0.0005948894653111658,0.004584742065416732,-0.003989852600105566
1750849200000,0.907,0.918,0.904,0.916,1363085.5,2025-06-25 11:00:00,0.9170991605821459,0.9166519615700495,0.8825425433477373,0.0004471990120964442,3.7910304613020696,False,False,True,False,False,False,False,ALCISTA,49.82023187256538,0.0004471990123051661,0.0037572334547944187,-0.0033100344424892526
1750852800000,0.916,0.917,0.906,0.908,917691.5,2025-06-25 12:00:00,0.9156992897233542,0.9160110755278236,0.8826348432393619,-0.00031178580446933335,2.8737996188259842,False,True,True,False,False,False,False,NEUTRAL,45.197728979487366,-0.00031178580429269687,0.0029434296029769956,-0.0032552154072696925
1750856400000,0.908,0.924,0.907,0.92,1985226.1,2025-06-25 13:00:00,0.9163609374582228,0.9163065514146514,0.8828799880703319,5.438604357133059e-05,4.204423300022872,True,False,True,False,False,True,False,ALCISTA,52.34093115890644,5.438604372087763e-05,0.002365620891125772,-0.002311234847404894
1750860000000,0.921,0.922,0.898,0.913,2590049.6,2025-06-25 14:00:00,0.9158438701569578,0.9160616216802329,0.8831392834614221,-0.00021775152327507818,3.3812012553150463,False,True,True,False,False,False,False,NEUTRAL,48.37945678103667,-0.00021775152314862378,0.0018489464082708925,-0.0020666979314195163
1750863600000,0.913,0.914,0.892,0.895,1581012.7,2025-06-25 15:00:00,0.9126371209020412,0.9145015015557711,0.8832355215759068,-0.0018643806537299579,1.3319752361298307,False,False,True,False,False,False,False,NEUTRAL,39.996510899566154,-0.0018643806536229324,0.0011062809958921275,-0.00297066164951506
1750867200000,0.896,0.902,0.885,0.889,1183231.0,2025-06-25 16:00:00,0.9090006407632656,0.9126125014405289,0.8832720822126772,-0.0036118606772632678,0.6484884898630429,False,False,True,False,False,False,False,NEUTRAL,37.654362530461135,-0.0036118606771726736,0.00016265266127916717,-0.0037745133384518405
1750870800000,0.889,0.904,0.885,0.897,1326792.3,2025-06-25 17:00:00,0.9071543883381478,0.9114560198523415,0.8833282369923454,-0.004301631514193716,1.547755685271168,False,False,True,False,False,False,False,NEUTRAL,42.49005494190402,-0.004301631514116999,-0.0007302041738000661,-0.003571427340316933
1750874400000,0.897,0.897,0.888,0.889,642029.9,2025-06-25 18:00:00,0.9043614055168943,0.9097926109743902,0.8833462313318505,-0.00543120545749598,0.6400399376386209,False,False,True,False,False,False,False,NEUTRAL,39.214506434797705,-0.005431205457431032,-0.0016704044305262593,-0.003760801026904773
1750878000000,0.89,0.901,0.889,0.893,734315.5,2025-06-25 19:00:00,0.9026134969758336,0.9085487138651761,0.8833744063899517,-0.0059352168893425095,1.0896391768225246,False,False,True,False,False,False,False,NEUTRAL,41.63714142506644,-0.005935216889287553,-0.0025233669222785183,-0.003411849967009035
1750881600000,0.893,0.898,0.89,0.897,544361.5,2025-06-25 20:00:00,0.9017498820564745,0.9076932535788668,0.8833964649261784,-0.005943371522392216,1.5399127813985993,False,False,True,False,False,False,False,NEUTRAL,44.03905703881385,-0.005943371522345697,-0.003207367842291954,-0.0027360036800537432
1750885200000,0.897,0.903,0.884,0.886,773531.2,2025-06-25 21:00:00,0.8993268232785554,0.9060863459063582,0.8834169104466482,-0.006759522627802772,0.2923975670836841,False,False,True,False,False,False,False,NEUTRAL,39.254634719126,-0.00675952262776347,-0.003917798799386257,-0.002841723828377213
1750888800000,0.886,0.888,0.876,0.88,989293.2,2025-06-25 22:00:00,0.8963534658510853,0.9041540239873687,0.8834097696212281,-0.007800558136283331,-0.385978255899304,False,False,False,False,True,False,False,BAJISTA,36.899808527455356,-0.007800558136250024,-0.004694350666759011,-0.0031062074694910135
1750892400000,0.88,0.886,0.876,0.885,688750.7,2025-06-25 23:00:00,0.8946067787970722,0.9027352073957117,0.8834072073258625,-0.008128428598639492,0.18030107304183945,False,False,True,True,False,False,False,NEUTRAL,40.12331891676393,-0.008128428598611293,-0.005381166253129467,-0.0027472623454818258
1750896000000,0.884,0.89,0.881,0.885,848547.7,2025-06-26 00:00:00,0.8931288128282918,0.9014214883293626,0.8834128393954123,-0.008292675501070823,0.1796623881620242,False,False,True,False,False,False,False,NEUTRAL,40.123318916763935,-0.008292675501046953,-0.005963468102712964,-0.002329207398333989
1750899600000,0.885,0.906,0.881,0.897,1264717.8,2025-06-26 01:00:00,0.8937243800854777,0.9010939706753358,0.8834616722742292,-0.007369590589858088,1.5324182305407874,False,False,True,False,False,False,False,NEUTRAL,47.57745184157391,-0.007369590589837882,-0.006244692600137948,-0.0011248979896999346
1750903200000,0.898,0.906,0.89,0.905,1202101.9,2025-06-26 02:00:00,0.8954590908415581,0.9013833061808665,0.8835309717678473,-0.005924215339308425,2.429912353745285,False,False,True,False,False,False,False,NEUTRAL,51.87847898658118,-0.005924215339291328,-0.006180597147968624,0.0002563818086772961
1750906800000,0.904,0.914,0.89,0.893,1108269.2,2025-06-26 03:00:00,0.895080769173626,0.9007623205378393,0.8835893294100076,-0.005681551364213333,1.0650502758194431,False,False,True,False,False,False,False,NEUTRAL,45.8074029922121,-0.005681551364198789,-0.006080787991214657,0.0003992366270158679
1750910400000,0.893,0.895,0.883,0.889,500672.3,2025-06-26 04:00:00,0.8941452662238374,0.8998910375350364,0.8835985350622867,-0.005745771311199022,0.6113030661976547,False,False,True,False,False,False,False,NEUTRAL,43.960661601500135,-0.005745771311186698,-0.006013784655209065,0.0002680133440223671
1750914000000,0.889,0.889,0.881,0.886,368055.1,2025-06-26 05:00:00,0.892892148343247,0.8988620717917004,0.8836007021120463,-0.005969923448453374,0.27153643973105746,False,False,True,False,False,False,False,NEUTRAL,42.57433909424804,-0.0059699234484429375,-0.00600501241385584,3.508896541290236e-05
1750917600000,0.887,0.894,0.884,0.892,497212.0,2025-06-26 06:00:00,0.8927548947519782,0.8983537701775004,0.8836114828559446,-0.005598875425522176,0.9493445147343111,False,False,True,False,False,False,False,NEUTRAL,46.22676093095034,-0.005598875425513294,-0.005923785016187331,0.00032490959067403655
1750921200000,0.892,0.902,0.89,0.895,947119.5,2025-06-26 07:00:00,0.8931002955593662,0.8981053427569449,0.8836500450702914,-0.00500504719757866,1.2844400329098304,False,False,True,False,False,False,False,NEUTRAL,48.00738118539905,-0.005005047197571111,-0.005740037452464087,0.0007349902548929761
1750924800000,0.896,0.899,0.888,0.888,600480.9,2025-06-26 08:00:00,0.8923156347040792,0.897356798849023,0.8836662704192091,-0.005041164144943822,0.4904260495011328,False,False,True,False,False,False,False,NEUTRAL,44.31962141401837,-0.005041164144937493,-0.005600262790958768,0.0005590986460212747
1750928400000,0.888,0.89,0.878,0.881,1014430.1,2025-06-26 09:00:00,0.8905747678265286,0.8961451841194658,0.8836640000645178,-0.005570416292937197,-0.30147206000508475,False,False,False,False,True,False,False,BAJISTA,40.93338734255118,-0.005570416292931868,-0.005594293491353388,2.387719842151994e-05
1750932000000,0.881,0.884,0.877,0.88,667240.6,2025-06-26 10:00:00,0.8889478804686011,0.8949492445550609,0.8836565516747921,-0.006001364086459793,-0.41379783444844154,False,False,False,False,False,False,False,BAJISTA,40.45782213138158,-0.006001364086455241,-0.005675707610373759,-0.0003256564760814821
1750935600000,0.88,0.882,0.875,0.876,1131635.4,2025-06-26 11:00:00,0.886955898858047,0.8935455968102416,0.8836339193222134,-0.006589697952194551,-0.8639233007339637,False,False,False,False,False,False,False,BAJISTA,38.529538671693174,-0.006589697952190665,-0.00585850567873714,-0.0007311922734535249
1750939200000,0.877,0.879,0.863,0.864,1736972.6,2025-06-26 12:00:00,0.8834242221106552,0.891357034083557,0.883547615845469,-0.007932811972901854,-2.212400949864358,False,False,False,False,False,False,False,BAJISTA,33.38829123063909,-0.007932811972898524,-0.006273366937569417,-0.0016594450353291067
1750942800000,0.864,0.866,0.853,0.857,1485182.3,2025-06-26 13:00:00,0.8793589571705543,0.8888120685958861,0.8834255472342034,-0.009453111425331784,-2.9912591182058943,False,False,False,False,False,False,False,BAJISTA,30.80596562784334,-0.009453111425328897,-0.006909315835121313,-0.002543795590207584
1750946400000,0.856,0.874,0.852,0.866,1380829.6,2025-06-26 14:00:00,0.877303732990469,0.8871222857369316,0.8833373420396691,-0.009818552746462594,-1.9627090596709418,False,False,False,False,False,False,False,BAJISTA,37.499137419535565,-0.009818552746460152,-0.007491163217389081,-0.002327389529071071
1750950000000,0.866,0.873,0.858,0.868,1263077.7,2025-06-26 15:00:00,0.8758723894534738,0.8857058201267886,0.8832670085597705,-0.00983343067331477,-1.72847037326396,False,False,False,False,False,False,False,BAJISTA,38.913245298642885,-0.00983343067331266,-0.007959616708573796,-0.0018738139647388637
1750953600000,0.868,0.869,0.856,0.859,649764.7,2025-06-26 16:00:00,0.8732766372298625,0.883727611228508,0.8832204365351268,-0.010450973998645474,-2.742286696868519,False,False,False,False,False,False,False,BAJISTA,35.06815418411187,-0.010450973998643698,-0.008457888166587777,-0.001993085832055921
1750957200000,0.859,0.869,0.859,0.859,695155.6,2025-06-26 17:00:00,0.8710802315021914,0.8818959363226926,0.8831730960839552,-0.010815704820501204,-2.737073422089085,False,False,False,False,False,False,False,BAJISTA,35.06815418411187,-0.01081570482049976,-0.008929451497370174,-0.0018862533231295865
1750960800000,0.86,0.872,0.859,0.87,810584.6,2025-06-26 18:00:00,0.8709140420403158,0.881014755854345,0.8831304658796818,-0.010100713814029216,-1.48680929794474,False,False,False,False,False,False,False,BAJISTA,43.045473427181676,-0.010100713814027995,-0.009163703960701739,-0.0009370098533262559
1750964400000,0.87,0.878,0.865,0.874,715898.2,2025-06-26 19:00:00,0.8713888048033441,0.8804951443095786,0.883105388869703,-0.009106339506234518,-1.0310648065863486,False,False,False,False,False,False,False,BAJISTA,45.65987241629215,-0.009106339506233518,-0.009152231069808095,4.5891563574576924e-05
